member_id,First Name,Last Name,Gender,Age,Weight (kg),Email,Phone Number
1,James,Miller,Male,59,61,james.miller78@example.com,2141545168
2,John,Johnson,Male,24,86,john.johnson36@example.com,9215712962
3,Robert,Davis,Male,43,81,robert.davis29@example.com,4678651643
4,Michael,Brown,Male,29,123,michael.brown100@example.com,7608899920
5,William,Brown,Male,57,90,william.brown72@example.com,6287529260
6,David,Miller,Male,26,46,david.miller9@example.com,7579499121
7,Richard,Garcia,Male,57,129,richard.garcia22@example.com,1525816009
8,Joseph,Rodriguez,Male,52,64,joseph.rodriguez68@example.com,2790351445
9,Thomas,Johnson,Male,39,40,thomas.johnson12@example.com,3119943464
10,Charles,Smith,Male,34,68,charles.smith1@example.com,8875094402
11,James,Miller,Male,24,127,james.miller17@example.com,3903473910
12,John,Williams,Male,20,73,john.williams26@example.com,2965542544
13,Robert,Davis,Male,24,43,robert.davis93@example.com,5885531651
14,Michael,Davis,Male,30,59,michael.davis74@example.com,4567673362
15,William,Rodriguez,Male,24,61,william.rodriguez69@example.com,2906824963
16,David,Brown,Male,52,55,david.brown99@example.com,7248766307
17,Richard,Miller,Male,57,107,richard.miller29@example.com,8732582893
18,Joseph,Brown,Male,23,62,joseph.brown64@example.com,6066772553
19,Thomas,Johnson,Male,56,83,thomas.johnson88@example.com,3787931647
20,Charles,Garcia,Male,45,81,charles.garcia53@example.com,5424394662
21,James,Williams,Male,36,43,james.williams32@example.com,1968202695
22,John,Smith,Male,51,65,john.smith94@example.com,4253957728
23,Robert,Smith,Male,43,40,robert.smith78@example.com,9735555861
24,Michael,Smith,Male,47,92,michael.smith69@example.com,2585117583
25,William,Miller,Male,59,45,william.miller5@example.com,7228005867
26,David,Martinez,Male,44,43,david.martinez27@example.com,6374091462
27,Richard,Miller,Male,30,96,richard.miller5@example.com,3082905891
28,Joseph,Williams,Male,35,113,joseph.williams84@example.com,5782346925
29,Thomas,Martinez,Male,28,57,thomas.martinez28@example.com,8653856477
30,Charles,Smith,Male,25,105,charles.smith2@example.com,4770421788
31,James,Garcia,Male,24,90,james.garcia91@example.com,4479138308
32,John,Davis,Male,36,128,john.davis8@example.com,5614101393
33,Robert,Rodriguez,Male,39,88,robert.rodriguez82@example.com,5401295533
34,Michael,Johnson,Male,25,64,michael.johnson3@example.com,9522868816
35,William,Martinez,Male,31,110,william.martinez93@example.com,8381913549
36,David,Smith,Male,30,113,david.smith93@example.com,7624840763
37,Richard,Rodriguez,Male,43,84,richard.rodriguez72@example.com,2612752890
38,Joseph,Miller,Male,19,101,joseph.miller12@example.com,1778928357
39,Thomas,Jones,Male,49,107,thomas.jones18@example.com,3351301191
40,Charles,Johnson,Male,32,47,charles.johnson19@example.com,9355802642
41,James,Garcia,Male,39,69,james.garcia20@example.com,9855332116
42,John,Miller,Male,52,98,john.miller84@example.com,6234707482
43,Robert,Rodriguez,Male,29,97,robert.rodriguez6@example.com,7647837147
44,Michael,Miller,Male,35,87,michael.miller8@example.com,8879416596
45,William,Garcia,Male,57,128,william.garcia75@example.com,3303419413
46,David,Smith,Male,38,127,david.smith36@example.com,3728397037
47,Richard,Rodriguez,Male,26,107,richard.rodriguez51@example.com,3637126983
48,Joseph,Miller,Male,37,96,joseph.miller22@example.com,3758574359
49,Thomas,Martinez,Male,20,42,thomas.martinez78@example.com,3830452127
50,Charles,Williams,Male,51,56,charles.williams57@example.com,5361731241
51,James,Rodriguez,Male,51,64,james.rodriguez6@example.com,1447893912
52,John,Rodriguez,Male,27,83,john.rodriguez77@example.com,5734096060
53,Robert,Rodriguez,Male,54,53,robert.rodriguez59@example.com,1959342275
54,Michael,Rodriguez,Male,46,128,michael.rodriguez46@example.com,7225994010
55,William,Rodriguez,Male,31,107,william.rodriguez13@example.com,9994992553
56,David,Martinez,Male,50,86,david.martinez12@example.com,1245352255
57,Richard,Garcia,Male,39,56,richard.garcia16@example.com,2052811736
58,Joseph,Smith,Male,46,71,joseph.smith68@example.com,4408346691
59,Thomas,Smith,Male,38,118,thomas.smith36@example.com,4730939691
60,Charles,Smith,Male,30,129,charles.smith100@example.com,6446431611
61,James,Rodriguez,Male,54,56,james.rodriguez48@example.com,9861817399
62,John,Smith,Male,29,75,john.smith25@example.com,4326411723
63,Robert,Davis,Male,20,101,robert.davis36@example.com,2138307637
64,Michael,Miller,Male,21,94,michael.miller82@example.com,4456123803
65,William,Martinez,Male,35,44,william.martinez94@example.com,3122123254
66,David,Jones,Male,31,55,david.jones57@example.com,2547971639
67,Richard,Smith,Male,31,110,richard.smith24@example.com,6501130636
68,Joseph,Garcia,Male,48,45,joseph.garcia32@example.com,2923542473
69,Thomas,Davis,Male,45,73,thomas.davis20@example.com,6244954181
70,Charles,Rodriguez,Male,35,63,charles.rodriguez97@example.com,9123182820
71,James,Martinez,Male,48,41,james.martinez84@example.com,1431122726
72,John,Martinez,Male,35,123,john.martinez66@example.com,6979336248
73,Robert,Smith,Male,19,43,robert.smith79@example.com,6295694974
74,Michael,Johnson,Male,49,99,michael.johnson32@example.com,2578672967
75,William,Williams,Male,20,79,william.williams36@example.com,7154698372
76,David,Smith,Male,59,73,david.smith55@example.com,4193049608
77,Richard,Rodriguez,Male,19,74,richard.rodriguez77@example.com,9733764336
78,Joseph,Williams,Male,29,63,joseph.williams67@example.com,9497617415
79,Thomas,Brown,Male,23,55,thomas.brown32@example.com,9037065553
80,Charles,Williams,Male,51,113,charles.williams43@example.com,4091422391
81,James,Jones,Male,57,111,james.jones36@example.com,4454726948
82,John,Brown,Male,56,61,john.brown77@example.com,2535258214
83,Robert,Brown,Male,54,85,robert.brown96@example.com,7932729108
84,Michael,Smith,Male,31,68,michael.smith10@example.com,3203781005
85,William,Johnson,Male,53,57,william.johnson30@example.com,1736719820
86,David,Brown,Male,46,69,david.brown22@example.com,3007548093
87,Richard,Smith,Male,19,118,richard.smith82@example.com,2209116606
88,Joseph,Rodriguez,Male,42,76,joseph.rodriguez18@example.com,4724262303
89,Thomas,Brown,Male,32,80,thomas.brown5@example.com,9937913198
90,Charles,Smith,Male,57,93,charles.smith84@example.com,9436175731
91,James,Brown,Male,20,77,james.brown96@example.com,8898696585
92,John,Rodriguez,Male,59,128,john.rodriguez4@example.com,7825866076
93,Robert,Martinez,Male,19,62,robert.martinez97@example.com,9769500404
94,Michael,Davis,Male,52,64,michael.davis61@example.com,2337583827
95,William,Garcia,Male,58,112,william.garcia23@example.com,6361751216
96,David,Rodriguez,Male,46,51,david.rodriguez87@example.com,6366767374
97,Richard,Jones,Male,39,106,richard.jones22@example.com,9554618787
98,Joseph,Miller,Male,54,112,joseph.miller76@example.com,7682726093
99,Thomas,Brown,Male,45,115,thomas.brown49@example.com,2397106041
100,Charles,Jones,Male,44,100,charles.jones20@example.com,8397311826
101,James,Garcia,Male,41,81,james.garcia44@example.com,3869222825
102,John,Johnson,Male,20,104,john.johnson87@example.com,2121464134
103,Robert,Brown,Male,54,79,robert.brown71@example.com,1316609488
104,Michael,Johnson,Male,22,63,michael.johnson84@example.com,8550462730
105,William,Miller,Male,23,45,william.miller98@example.com,5908870142
106,David,Rodriguez,Male,42,78,david.rodriguez95@example.com,9956926547
107,Richard,Williams,Male,27,54,richard.williams29@example.com,6922577410
108,Joseph,Martinez,Male,34,126,joseph.martinez12@example.com,8573513811
109,Thomas,Williams,Male,52,124,thomas.williams7@example.com,5910548370
110,Charles,Brown,Male,43,63,charles.brown34@example.com,2333056627
111,James,Martinez,Male,57,107,james.martinez45@example.com,4129705405
112,John,Jones,Male,40,91,john.jones39@example.com,6167225523
113,Robert,Jones,Male,24,84,robert.jones62@example.com,7755821197
114,Michael,Rodriguez,Male,40,111,michael.rodriguez96@example.com,2362772925
115,William,Garcia,Male,45,54,william.garcia81@example.com,4139310080
116,David,Garcia,Male,42,63,david.garcia94@example.com,5827244584
117,Richard,Rodriguez,Male,41,64,richard.rodriguez44@example.com,4168862214
118,Joseph,Martinez,Male,58,100,joseph.martinez71@example.com,6936257177
119,Thomas,Miller,Male,52,54,thomas.miller46@example.com,7601417123
120,Charles,Martinez,Male,53,60,charles.martinez5@example.com,4662414220
121,James,Martinez,Male,59,74,james.martinez20@example.com,6489968546
122,John,Jones,Male,51,121,john.jones46@example.com,9123046777
123,Robert,Smith,Male,40,79,robert.smith96@example.com,4602530839
124,Michael,Davis,Male,34,79,michael.davis24@example.com,2056668945
125,William,Johnson,Male,43,78,william.johnson54@example.com,7912438588
126,David,Williams,Male,41,49,david.williams76@example.com,2116245191
127,Richard,Smith,Male,33,58,richard.smith89@example.com,3665555875
128,Joseph,Jones,Male,57,88,joseph.jones22@example.com,2369974453
129,Thomas,Williams,Male,32,113,thomas.williams55@example.com,4962118338
130,Charles,Miller,Male,23,58,charles.miller100@example.com,4430559773
131,James,Rodriguez,Male,49,81,james.rodriguez55@example.com,9584716773
132,John,Jones,Male,30,114,john.jones77@example.com,1806106599
133,Robert,Johnson,Male,44,41,robert.johnson66@example.com,7879602244
134,Michael,Davis,Male,42,104,michael.davis25@example.com,5380234031
135,William,Jones,Male,34,70,william.jones56@example.com,7310168240
136,David,Davis,Male,49,68,david.davis31@example.com,4823606194
137,Richard,Jones,Male,45,70,richard.jones45@example.com,2640742621
138,Joseph,Martinez,Male,20,64,joseph.martinez92@example.com,7538832728
139,Thomas,Garcia,Male,58,46,thomas.garcia77@example.com,9356424524
140,Charles,Williams,Male,29,66,charles.williams4@example.com,7446723921
141,James,Williams,Male,48,108,james.williams4@example.com,9260861301
142,John,Davis,Male,52,68,john.davis5@example.com,7209304697
143,Robert,Brown,Male,51,106,robert.brown21@example.com,7279919350
144,Michael,Martinez,Male,49,72,michael.martinez91@example.com,5715019454
145,William,Johnson,Male,39,85,william.johnson79@example.com,8164853355
146,David,Johnson,Male,22,76,david.johnson73@example.com,1588371611
147,Richard,Miller,Male,23,128,richard.miller54@example.com,6606750907
148,Joseph,Jones,Male,32,86,joseph.jones70@example.com,6997717944
149,Thomas,Jones,Male,53,92,thomas.jones93@example.com,5805844770
150,Charles,Miller,Male,46,53,charles.miller3@example.com,1890054632
151,James,Garcia,Male,58,84,james.garcia56@example.com,3583462060
152,John,Miller,Male,53,57,john.miller90@example.com,2002269108
153,Robert,Smith,Male,45,112,robert.smith27@example.com,9140206454
154,Michael,Williams,Male,45,113,michael.williams51@example.com,8005618619
155,William,Garcia,Male,53,47,william.garcia8@example.com,4033733828
156,David,Davis,Male,50,77,david.davis20@example.com,8204654871
157,Richard,Brown,Male,55,100,richard.brown34@example.com,5840633371
158,Joseph,Brown,Male,43,109,joseph.brown23@example.com,5728251042
159,Thomas,Smith,Male,28,41,thomas.smith44@example.com,4406932953
160,Charles,Davis,Male,28,127,charles.davis55@example.com,5745403053
161,James,Williams,Male,39,48,james.williams24@example.com,4414353369
162,John,Martinez,Male,29,58,john.martinez68@example.com,9176050268
163,Robert,Williams,Male,32,101,robert.williams41@example.com,8062960225
164,Michael,Jones,Male,36,124,michael.jones92@example.com,7607666611
165,William,Rodriguez,Male,18,96,william.rodriguez63@example.com,1086185219
166,David,Miller,Male,22,127,david.miller83@example.com,6997577674
167,Richard,Garcia,Male,21,98,richard.garcia41@example.com,1281207856
168,Joseph,Rodriguez,Male,49,48,joseph.rodriguez10@example.com,9559702954
169,Thomas,Garcia,Male,50,51,thomas.garcia72@example.com,4112852850
170,Charles,Garcia,Male,32,93,charles.garcia29@example.com,7127865298
171,James,Williams,Male,47,103,james.williams23@example.com,4718487424
172,John,Brown,Male,29,75,john.brown60@example.com,4131650300
173,Robert,Garcia,Male,56,60,robert.garcia90@example.com,1586038833
174,Michael,Martinez,Male,44,59,michael.martinez16@example.com,9097433349
175,William,Garcia,Male,47,60,william.garcia70@example.com,2127520082
176,David,Davis,Male,23,72,david.davis27@example.com,5645335342
177,Richard,Miller,Male,21,115,richard.miller20@example.com,8591000773
178,Joseph,Brown,Male,27,48,joseph.brown72@example.com,9246292949
179,Thomas,Smith,Male,30,126,thomas.smith27@example.com,6260179614
180,Charles,Davis,Male,18,91,charles.davis87@example.com,4959579688
181,James,Williams,Male,41,84,james.williams3@example.com,9736902051
182,John,Smith,Male,47,86,john.smith56@example.com,1342848298
183,Robert,Brown,Male,30,124,robert.brown57@example.com,3452437494
184,Michael,Johnson,Male,37,108,michael.johnson82@example.com,3691189867
185,William,Williams,Male,28,88,william.williams95@example.com,4899407778
186,David,Martinez,Male,55,116,david.martinez26@example.com,9980458164
187,Richard,Jones,Male,41,58,richard.jones48@example.com,8664979555
188,Joseph,Martinez,Male,42,41,joseph.martinez77@example.com,5982008862
189,Thomas,Smith,Male,19,42,thomas.smith18@example.com,3707802686
190,Charles,Smith,Male,32,86,charles.smith85@example.com,9025144421
191,James,Johnson,Male,53,85,james.johnson92@example.com,5180557186
192,John,Miller,Male,44,53,john.miller42@example.com,4807852495
193,Robert,Martinez,Male,50,69,robert.martinez67@example.com,1654124855
194,Michael,Davis,Male,26,41,michael.davis95@example.com,5920294081
195,William,Brown,Male,41,73,william.brown93@example.com,9519040663
196,David,Davis,Male,32,44,david.davis47@example.com,8905041058
197,Richard,Jones,Male,33,60,richard.jones72@example.com,1817953429
198,Joseph,Martinez,Male,55,124,joseph.martinez41@example.com,6971810973
199,Thomas,Brown,Male,44,87,thomas.brown50@example.com,3904797541
200,Charles,Brown,Male,25,117,charles.brown11@example.com,5972168601
201,James,Davis,Male,21,114,james.davis4@example.com,1037540858
202,John,Martinez,Male,18,88,john.martinez41@example.com,5595936447
203,Robert,Brown,Male,56,82,robert.brown66@example.com,1901660262
204,Michael,Johnson,Male,47,94,michael.johnson84@example.com,8349281292
205,William,Williams,Male,52,124,william.williams68@example.com,2077037292
206,David,Miller,Male,55,75,david.miller1@example.com,6740215737
207,Richard,Martinez,Male,56,84,richard.martinez87@example.com,9774143520
208,Joseph,Williams,Male,43,48,joseph.williams35@example.com,2147206401
209,Thomas,Martinez,Male,26,111,thomas.martinez27@example.com,5928629073
210,Charles,Garcia,Male,26,115,charles.garcia6@example.com,9260129040
211,James,Martinez,Male,57,124,james.martinez34@example.com,9429378129
212,John,Williams,Male,20,70,john.williams38@example.com,7099198722
213,Robert,Jones,Male,29,43,robert.jones39@example.com,3369428323
214,Michael,Johnson,Male,28,42,michael.johnson10@example.com,9848237448
215,William,Jones,Male,30,40,william.jones88@example.com,8764527346
216,David,Williams,Male,56,55,david.williams25@example.com,7916832292
217,Richard,Smith,Male,50,88,richard.smith62@example.com,5024855356
218,Joseph,Jones,Male,56,96,joseph.jones62@example.com,4435049493
219,Thomas,Miller,Male,32,45,thomas.miller10@example.com,5071406137
220,Charles,Johnson,Male,42,62,charles.johnson69@example.com,8745736918
221,James,Johnson,Male,30,49,james.johnson62@example.com,3909962001
222,John,Davis,Male,37,106,john.davis34@example.com,2625093442
223,Robert,Williams,Male,40,119,robert.williams50@example.com,6087500399
224,Michael,Garcia,Male,57,113,michael.garcia14@example.com,5086696078
225,William,Williams,Male,51,54,william.williams31@example.com,4083818735
226,David,Rodriguez,Male,54,103,david.rodriguez95@example.com,6148898612
227,Richard,Garcia,Male,23,51,richard.garcia1@example.com,4838896998
228,Joseph,Johnson,Male,38,91,joseph.johnson3@example.com,5928770473
229,Thomas,Rodriguez,Male,19,49,thomas.rodriguez26@example.com,3295117872
230,Charles,Williams,Male,43,97,charles.williams60@example.com,4627090822
231,James,Davis,Male,59,57,james.davis73@example.com,3379785130
232,John,Johnson,Male,23,101,john.johnson45@example.com,6742171925
233,Robert,Miller,Male,51,63,robert.miller81@example.com,1696603111
234,Michael,Brown,Male,42,129,michael.brown63@example.com,6227854444
235,William,Miller,Male,58,92,william.miller44@example.com,1417590469
236,David,Brown,Male,25,128,david.brown51@example.com,7662799180
237,Richard,Miller,Male,47,95,richard.miller51@example.com,8727278810
238,Joseph,Miller,Male,51,78,joseph.miller53@example.com,7491329705
239,Thomas,Miller,Male,51,69,thomas.miller61@example.com,8923713879
240,Charles,Garcia,Male,19,114,charles.garcia64@example.com,3181456997
241,James,Williams,Male,34,51,james.williams70@example.com,1971875287
242,John,Miller,Male,38,123,john.miller57@example.com,5075619482
243,Robert,Rodriguez,Male,55,64,robert.rodriguez82@example.com,4903986646
244,Michael,Jones,Male,35,43,michael.jones53@example.com,7518909899
245,William,Martinez,Male,44,89,william.martinez10@example.com,5570260187
246,David,Brown,Male,48,111,david.brown96@example.com,6180944830
247,Richard,Davis,Male,38,115,richard.davis100@example.com,1338466613
248,Joseph,Rodriguez,Male,47,96,joseph.rodriguez17@example.com,2566300225
249,Thomas,Johnson,Male,49,80,thomas.johnson9@example.com,3895725617
250,Charles,Johnson,Male,32,119,charles.johnson12@example.com,5941855590
251,James,Rodriguez,Male,58,54,james.rodriguez8@example.com,3477463023
252,John,Martinez,Male,49,53,john.martinez17@example.com,2608056843
253,Robert,Martinez,Male,32,74,robert.martinez29@example.com,8941821002
254,Michael,Garcia,Male,44,126,michael.garcia86@example.com,6921375745
255,William,Garcia,Male,44,45,william.garcia81@example.com,5590218941
256,David,Garcia,Male,44,109,david.garcia62@example.com,3348356800
257,Richard,Brown,Male,57,41,richard.brown87@example.com,3075387913
258,Joseph,Brown,Male,32,126,joseph.brown16@example.com,1507036496
259,Thomas,Johnson,Male,47,49,thomas.johnson2@example.com,3643220937
260,Charles,Brown,Male,56,87,charles.brown40@example.com,8234547968
261,James,Brown,Male,30,84,james.brown79@example.com,5147969765
262,John,Johnson,Male,26,117,john.johnson36@example.com,8046761674
263,Robert,Garcia,Male,35,102,robert.garcia81@example.com,8258871159
264,Michael,Davis,Male,50,114,michael.davis69@example.com,2083886034
265,William,Martinez,Male,32,107,william.martinez71@example.com,1143624425
266,David,Smith,Male,27,50,david.smith99@example.com,4028385339
267,Richard,Smith,Male,33,121,richard.smith87@example.com,7656499337
268,Joseph,Smith,Male,39,100,joseph.smith65@example.com,2935891730
269,Thomas,Martinez,Male,49,90,thomas.martinez44@example.com,1362251713
270,Charles,Brown,Male,42,48,charles.brown40@example.com,1145705230
271,James,Rodriguez,Male,24,126,james.rodriguez48@example.com,9054652399
272,John,Martinez,Male,52,93,john.martinez19@example.com,5751547424
273,Robert,Smith,Male,19,58,robert.smith30@example.com,2564747607
274,Michael,Jones,Male,55,93,michael.jones88@example.com,8870426201
275,William,Williams,Male,54,72,william.williams93@example.com,4637576196
276,David,Miller,Male,24,86,david.miller93@example.com,9778789496
277,Richard,Brown,Male,20,57,richard.brown96@example.com,9810541692
278,Joseph,Davis,Male,53,47,joseph.davis51@example.com,8255851252
279,Thomas,Johnson,Male,33,53,thomas.johnson39@example.com,7258081015
280,Charles,Jones,Male,26,64,charles.jones3@example.com,5560150971
281,James,Jones,Male,44,113,james.jones82@example.com,2341370016
282,John,Rodriguez,Male,53,74,john.rodriguez53@example.com,1569903653
283,Robert,Garcia,Male,39,126,robert.garcia72@example.com,3573325564
284,Michael,Garcia,Male,47,68,michael.garcia44@example.com,8155503615
285,William,Martinez,Male,48,51,william.martinez11@example.com,9441688205
286,David,Smith,Male,19,50,david.smith8@example.com,5391122124
287,Richard,Davis,Male,33,107,richard.davis5@example.com,4877735286
288,Joseph,Smith,Male,30,127,joseph.smith96@example.com,8695873055
289,Thomas,Williams,Male,19,112,thomas.williams5@example.com,5911312205
290,Charles,Davis,Male,41,119,charles.davis82@example.com,3991743442
291,James,Brown,Male,41,90,james.brown85@example.com,1572182524
292,John,Williams,Male,34,98,john.williams14@example.com,9822431247
293,Robert,Rodriguez,Male,39,57,robert.rodriguez5@example.com,3829280879
294,Michael,Rodriguez,Male,56,50,michael.rodriguez58@example.com,8120222323
295,William,Martinez,Male,35,51,william.martinez44@example.com,2573755069
296,David,Smith,Male,36,129,david.smith48@example.com,8433516749
297,Richard,Miller,Male,44,58,richard.miller43@example.com,9797189339
298,Joseph,Davis,Male,36,101,joseph.davis94@example.com,4386046458
299,Thomas,Brown,Male,31,55,thomas.brown10@example.com,4306577479
300,Charles,Rodriguez,Male,26,68,charles.rodriguez4@example.com,5089958499
301,James,Brown,Male,35,99,james.brown68@example.com,8408119618
302,John,Miller,Male,43,115,john.miller68@example.com,9908358941
303,Robert,Williams,Male,32,43,robert.williams54@example.com,7618200694
304,Michael,Miller,Male,58,52,michael.miller90@example.com,5883111176
305,William,Davis,Male,54,114,william.davis40@example.com,5950304241
306,David,Garcia,Male,26,75,david.garcia79@example.com,8310020875
307,Richard,Brown,Male,22,79,richard.brown47@example.com,7136698640
308,Joseph,Davis,Male,22,106,joseph.davis9@example.com,8790638934
309,Thomas,Davis,Male,26,110,thomas.davis13@example.com,1836212878
310,Charles,Rodriguez,Male,38,64,charles.rodriguez31@example.com,6553227179
311,James,Garcia,Male,53,71,james.garcia41@example.com,5761928160
312,John,Miller,Male,18,71,john.miller87@example.com,2768100226
313,Robert,Garcia,Male,51,89,robert.garcia51@example.com,1093689556
314,Michael,Martinez,Male,27,101,michael.martinez55@example.com,9085853742
315,William,Smith,Male,31,71,william.smith95@example.com,1965969720
316,David,Garcia,Male,51,99,david.garcia96@example.com,7680958095
317,Richard,Smith,Male,37,91,richard.smith91@example.com,6991732688
318,Joseph,Brown,Male,39,44,joseph.brown54@example.com,9024919825
319,Thomas,Jones,Male,45,71,thomas.jones30@example.com,3015378022
320,Charles,Martinez,Male,27,66,charles.martinez67@example.com,5683477428
321,James,Rodriguez,Male,46,109,james.rodriguez96@example.com,5607901611
322,John,Jones,Male,22,55,john.jones95@example.com,3794804673
323,Robert,Williams,Male,49,109,robert.williams100@example.com,6055020696
324,Michael,Jones,Male,42,102,michael.jones23@example.com,8946270995
325,William,Smith,Male,56,97,william.smith84@example.com,3137844596
326,David,Brown,Male,43,108,david.brown85@example.com,6226604778
327,Richard,Smith,Male,39,123,richard.smith17@example.com,5449617938
328,Joseph,Miller,Male,21,54,joseph.miller91@example.com,2157756291
329,Thomas,Rodriguez,Male,43,106,thomas.rodriguez42@example.com,2056967195
330,Charles,Martinez,Male,18,74,charles.martinez47@example.com,2452909576
331,James,Rodriguez,Male,18,115,james.rodriguez73@example.com,7034933840
332,John,Smith,Male,28,123,john.smith68@example.com,4659594423
333,Robert,Smith,Male,47,125,robert.smith90@example.com,2890602746
334,Mary,Jones,Female,59,54,mary.jones71@example.com,8532534927
335,Patricia,Rodriguez,Female,51,110,patricia.rodriguez89@example.com,4293595691
336,Jennifer,Davis,Female,19,72,jennifer.davis67@example.com,8395873638
337,Linda,Smith,Female,53,106,linda.smith16@example.com,4422244898
338,Elizabeth,Rodriguez,Female,49,58,elizabeth.rodriguez61@example.com,8017622528
339,Barbara,Garcia,Female,39,57,barbara.garcia74@example.com,1234994258
340,Susan,Brown,Female,42,54,susan.brown79@example.com,9532883351
341,Jessica,Brown,Female,26,88,jessica.brown60@example.com,8734017378
342,Sarah,Johnson,Female,30,44,sarah.johnson45@example.com,2400833837
343,Karen,Davis,Female,18,63,karen.davis70@example.com,7023793658
344,Mary,Garcia,Female,26,103,mary.garcia86@example.com,3847372689
345,Patricia,Miller,Female,30,78,patricia.miller19@example.com,2840696115
346,Jennifer,Jones,Female,32,97,jennifer.jones80@example.com,2344123760
347,Linda,Jones,Female,56,40,linda.jones53@example.com,5181711331
348,Elizabeth,Martinez,Female,28,52,elizabeth.martinez73@example.com,1232293495
349,Barbara,Davis,Female,57,113,barbara.davis77@example.com,6808838776
350,Susan,Rodriguez,Female,55,117,susan.rodriguez41@example.com,8168229921
351,Jessica,Miller,Female,41,76,jessica.miller61@example.com,2211754988
352,Sarah,Garcia,Female,44,107,sarah.garcia43@example.com,7664381085
353,Karen,Rodriguez,Female,30,59,karen.rodriguez93@example.com,9768558143
354,Mary,Brown,Female,24,90,mary.brown93@example.com,4184412742
355,Patricia,Brown,Female,25,114,patricia.brown59@example.com,6319617021
356,Jennifer,Davis,Female,49,79,jennifer.davis14@example.com,9274363680
357,Linda,Davis,Female,24,121,linda.davis58@example.com,1901651435
358,Elizabeth,Williams,Female,19,48,elizabeth.williams95@example.com,8544014298
359,Barbara,Johnson,Female,51,80,barbara.johnson36@example.com,3358928946
360,Susan,Davis,Female,28,75,susan.davis84@example.com,5836907034
361,Jessica,Brown,Female,38,100,jessica.brown5@example.com,6360862081
362,Sarah,Brown,Female,38,41,sarah.brown87@example.com,8148518977
363,Karen,Johnson,Female,59,66,karen.johnson17@example.com,6537552145
364,Mary,Johnson,Female,20,51,mary.johnson31@example.com,7182192379
365,Patricia,Johnson,Female,20,114,patricia.johnson82@example.com,4532624399
366,Jennifer,Smith,Female,43,93,jennifer.smith74@example.com,7512435256
367,Linda,Smith,Female,58,73,linda.smith66@example.com,2684886728
368,Elizabeth,Rodriguez,Female,55,111,elizabeth.rodriguez73@example.com,2595095167
369,Barbara,Smith,Female,50,41,barbara.smith33@example.com,4871576192
370,Susan,Johnson,Female,56,55,susan.johnson66@example.com,7379060450
371,Jessica,Davis,Female,28,58,jessica.davis15@example.com,9658144111
372,Sarah,Smith,Female,38,115,sarah.smith21@example.com,1375512633
373,Karen,Brown,Female,30,126,karen.brown5@example.com,3481839517
374,Mary,Smith,Female,23,89,mary.smith100@example.com,3324299643
375,Patricia,Martinez,Female,21,74,patricia.martinez41@example.com,5621769305
376,Jennifer,Martinez,Female,52,114,jennifer.martinez10@example.com,9463590626
377,Linda,Garcia,Female,51,50,linda.garcia81@example.com,6843829715
378,Elizabeth,Jones,Female,27,55,elizabeth.jones22@example.com,9114051172
379,Barbara,Brown,Female,32,77,barbara.brown42@example.com,8737315410
380,Susan,Jones,Female,25,123,susan.jones16@example.com,3828105408
381,Jessica,Miller,Female,57,80,jessica.miller83@example.com,9511589261
382,Sarah,Jones,Female,51,40,sarah.jones49@example.com,9100216295
383,Karen,Williams,Female,38,90,karen.williams19@example.com,9418132275
384,Mary,Jones,Female,38,101,mary.jones31@example.com,4203712394
385,Patricia,Williams,Female,54,126,patricia.williams36@example.com,9258728359
386,Jennifer,Johnson,Female,26,57,jennifer.johnson72@example.com,4173575186
387,Linda,Jones,Female,49,80,linda.jones78@example.com,8564952942
388,Elizabeth,Miller,Female,33,91,elizabeth.miller36@example.com,2440831953
389,Barbara,Jones,Female,44,57,barbara.jones25@example.com,8187615883
390,Susan,Williams,Female,19,122,susan.williams96@example.com,8540876562
391,Jessica,Smith,Female,37,58,jessica.smith74@example.com,4762045758
392,Sarah,Smith,Female,27,68,sarah.smith90@example.com,3437298512
393,Karen,Williams,Female,43,121,karen.williams71@example.com,3426396906
394,Mary,Martinez,Female,29,54,mary.martinez57@example.com,7918653646
395,Patricia,Jones,Female,27,104,patricia.jones89@example.com,9895457210
396,Jennifer,Garcia,Female,50,99,jennifer.garcia38@example.com,4061532491
397,Linda,Davis,Female,27,100,linda.davis53@example.com,9854112261
398,Elizabeth,Martinez,Female,35,105,elizabeth.martinez40@example.com,1679831935
399,Barbara,Williams,Female,45,46,barbara.williams38@example.com,4843351292
400,Susan,Miller,Female,58,65,susan.miller86@example.com,8348571073
401,Jessica,Williams,Female,45,103,jessica.williams31@example.com,3848620371
402,Sarah,Brown,Female,24,82,sarah.brown8@example.com,5513426945
403,Karen,Johnson,Female,28,70,karen.johnson16@example.com,2800595044
404,Mary,Martinez,Female,30,81,mary.martinez55@example.com,6578007392
405,Patricia,Davis,Female,49,121,patricia.davis39@example.com,3399104216
406,Jennifer,Smith,Female,34,112,jennifer.smith19@example.com,8158264286
407,Linda,Davis,Female,39,53,linda.davis31@example.com,7628568292
408,Elizabeth,Smith,Female,22,107,elizabeth.smith33@example.com,7304032604
409,Barbara,Garcia,Female,29,108,barbara.garcia30@example.com,3210258438
410,Susan,Williams,Female,33,41,susan.williams7@example.com,6707658121
411,Jessica,Jones,Female,56,101,jessica.jones61@example.com,1479952375
412,Sarah,Williams,Female,51,71,sarah.williams39@example.com,8193862605
413,Karen,Williams,Female,39,128,karen.williams90@example.com,6979589184
414,Mary,Davis,Female,54,129,mary.davis4@example.com,2306844239
415,Patricia,Johnson,Female,59,73,patricia.johnson38@example.com,9022056870
416,Jennifer,Brown,Female,26,95,jennifer.brown85@example.com,7814868471
417,Linda,Brown,Female,44,125,linda.brown33@example.com,9202598534
418,Elizabeth,Brown,Female,54,56,elizabeth.brown8@example.com,8555077130
419,Barbara,Brown,Female,24,116,barbara.brown20@example.com,7326169713
420,Susan,Rodriguez,Female,53,122,susan.rodriguez49@example.com,2555997379
421,Jessica,Rodriguez,Female,22,95,jessica.rodriguez18@example.com,9393844255
422,Sarah,Garcia,Female,24,67,sarah.garcia96@example.com,1658940677
423,Karen,Davis,Female,57,71,karen.davis1@example.com,3735302447
424,Mary,Davis,Female,44,108,mary.davis18@example.com,8249469473
425,Patricia,Williams,Female,32,125,patricia.williams9@example.com,8602972163
426,Jennifer,Garcia,Female,35,93,jennifer.garcia100@example.com,2726983812
427,Linda,Williams,Female,23,81,linda.williams43@example.com,5536856568
428,Elizabeth,Martinez,Female,31,64,elizabeth.martinez56@example.com,8942862103
429,Barbara,Smith,Female,41,41,barbara.smith61@example.com,7137502115
430,Susan,Brown,Female,19,98,susan.brown3@example.com,9886235393
431,Jessica,Rodriguez,Female,34,98,jessica.rodriguez5@example.com,6008948873
432,Sarah,Martinez,Female,37,118,sarah.martinez2@example.com,2465642088
433,Karen,Brown,Female,49,86,karen.brown59@example.com,1067026225
434,Mary,Miller,Female,36,101,mary.miller47@example.com,5292001108
435,Patricia,Rodriguez,Female,43,78,patricia.rodriguez57@example.com,5814194094
436,Jennifer,Martinez,Female,46,56,jennifer.martinez98@example.com,8454108263
437,Linda,Brown,Female,22,84,linda.brown11@example.com,3271462532
438,Elizabeth,Davis,Female,54,48,elizabeth.davis55@example.com,5181112568
439,Barbara,Garcia,Female,53,69,barbara.garcia88@example.com,4133043431
440,Susan,Davis,Female,59,67,susan.davis99@example.com,1184100969
441,Jessica,Johnson,Female,37,102,jessica.johnson33@example.com,9457799404
442,Sarah,Davis,Female,41,85,sarah.davis88@example.com,6421307545
443,Karen,Davis,Female,36,55,karen.davis28@example.com,1294610578
444,Mary,Garcia,Female,45,51,mary.garcia58@example.com,9318528765
445,Patricia,Brown,Female,40,88,patricia.brown43@example.com,9297874303
446,Jennifer,Brown,Female,23,42,jennifer.brown89@example.com,1054347636
447,Linda,Williams,Female,50,90,linda.williams21@example.com,2212202081
448,Elizabeth,Johnson,Female,40,67,elizabeth.johnson68@example.com,9687876619
449,Barbara,Smith,Female,53,46,barbara.smith100@example.com,5899014685
450,Susan,Jones,Female,45,91,susan.jones40@example.com,4737303649
451,Jessica,Brown,Female,29,47,jessica.brown22@example.com,7994348044
452,Sarah,Smith,Female,37,89,sarah.smith100@example.com,7245599005
453,Karen,Martinez,Female,22,87,karen.martinez88@example.com,7537812107
454,Mary,Davis,Female,24,94,mary.davis77@example.com,4754145817
455,Patricia,Brown,Female,45,56,patricia.brown98@example.com,6431651693
456,Jennifer,Smith,Female,57,57,jennifer.smith25@example.com,3265063312
457,Linda,Smith,Female,22,105,linda.smith44@example.com,5986193226
458,Elizabeth,Martinez,Female,45,128,elizabeth.martinez17@example.com,5446488647
459,Barbara,Smith,Female,28,57,barbara.smith91@example.com,6196877269
460,Susan,Williams,Female,52,87,susan.williams60@example.com,2951909625
461,Jessica,Williams,Female,36,61,jessica.williams95@example.com,9716504503
462,Sarah,Miller,Female,53,46,sarah.miller66@example.com,4062519139
463,Karen,Williams,Female,21,93,karen.williams50@example.com,6509180980
464,Mary,Martinez,Female,32,81,mary.martinez88@example.com,6448126673
465,Patricia,Johnson,Female,41,81,patricia.johnson79@example.com,1734490045
466,Jennifer,Davis,Female,20,129,jennifer.davis59@example.com,6018678621
467,Linda,Williams,Female,45,51,linda.williams89@example.com,9877852975
468,Elizabeth,Williams,Female,48,41,elizabeth.williams50@example.com,3232103892
469,Barbara,Davis,Female,24,52,barbara.davis36@example.com,1852930511
470,Susan,Johnson,Female,54,129,susan.johnson46@example.com,8838565105
471,Jessica,Jones,Female,53,64,jessica.jones46@example.com,4795292204
472,Sarah,Rodriguez,Female,19,105,sarah.rodriguez60@example.com,7644182441
473,Karen,Williams,Female,23,95,karen.williams39@example.com,4887423373
474,Mary,Rodriguez,Female,45,117,mary.rodriguez38@example.com,1745529452
475,Patricia,Miller,Female,28,109,patricia.miller19@example.com,5881538104
476,Jennifer,Williams,Female,24,123,jennifer.williams23@example.com,4704027015
477,Linda,Davis,Female,52,98,linda.davis59@example.com,6025664593
478,Elizabeth,Brown,Female,56,123,elizabeth.brown6@example.com,3422039837
479,Barbara,Brown,Female,45,67,barbara.brown58@example.com,2278064472
480,Susan,Williams,Female,50,96,susan.williams82@example.com,8138282276
481,Jessica,Brown,Female,21,85,jessica.brown52@example.com,6255024843
482,Sarah,Johnson,Female,22,83,sarah.johnson42@example.com,5221686964
483,Karen,Davis,Female,21,58,karen.davis49@example.com,3647183538
484,Mary,Williams,Female,30,116,mary.williams20@example.com,3796120541
485,Patricia,Rodriguez,Female,47,79,patricia.rodriguez35@example.com,9177882750
486,Jennifer,Jones,Female,19,94,jennifer.jones74@example.com,4482578241
487,Linda,Rodriguez,Female,28,60,linda.rodriguez57@example.com,1760467112
488,Elizabeth,Jones,Female,29,48,elizabeth.jones42@example.com,3333593837
489,Barbara,Smith,Female,33,90,barbara.smith77@example.com,6611177312
490,Susan,Rodriguez,Female,25,75,susan.rodriguez47@example.com,8622029493
491,Jessica,Garcia,Female,31,70,jessica.garcia59@example.com,2708434271
492,Sarah,Johnson,Female,46,86,sarah.johnson48@example.com,1225928090
493,Karen,Johnson,Female,56,73,karen.johnson40@example.com,7367773098
494,Mary,Martinez,Female,42,104,mary.martinez6@example.com,3895692036
495,Patricia,Miller,Female,39,47,patricia.miller2@example.com,4635394606
496,Jennifer,Smith,Female,26,43,jennifer.smith19@example.com,5946448748
497,Linda,Davis,Female,52,66,linda.davis1@example.com,9859715389
498,Elizabeth,Miller,Female,19,105,elizabeth.miller96@example.com,6662095016
499,Barbara,Miller,Female,55,123,barbara.miller63@example.com,7479686669
500,Susan,Jones,Female,21,104,susan.jones9@example.com,5555553745
501,Jessica,Johnson,Female,30,85,jessica.johnson96@example.com,2889843961
502,Sarah,Miller,Female,32,97,sarah.miller80@example.com,5676607624
503,Karen,Jones,Female,39,116,karen.jones9@example.com,6362182445
504,Mary,Rodriguez,Female,23,62,mary.rodriguez17@example.com,9143222200
505,Patricia,Martinez,Female,31,94,patricia.martinez43@example.com,3365551565
506,Jennifer,Garcia,Female,56,100,jennifer.garcia2@example.com,6627870455
507,Linda,Davis,Female,29,75,linda.davis40@example.com,6601387134
508,Elizabeth,Martinez,Female,55,96,elizabeth.martinez29@example.com,1342886487
509,Barbara,Johnson,Female,22,55,barbara.johnson30@example.com,3218858494
510,Susan,Johnson,Female,28,89,susan.johnson41@example.com,3222504333
511,Jessica,Smith,Female,56,124,jessica.smith52@example.com,8643293602
512,Sarah,Jones,Female,37,86,sarah.jones76@example.com,6370309239
513,Karen,Johnson,Female,39,68,karen.johnson100@example.com,8802131841
514,Mary,Martinez,Female,19,40,mary.martinez32@example.com,7231684089
515,Patricia,Miller,Female,50,126,patricia.miller47@example.com,2432747749
516,Jennifer,Martinez,Female,47,49,jennifer.martinez13@example.com,3253244584
517,Linda,Miller,Female,32,64,linda.miller7@example.com,1688845341
518,Elizabeth,Brown,Female,25,55,elizabeth.brown6@example.com,9143652236
519,Barbara,Rodriguez,Female,21,51,barbara.rodriguez20@example.com,2227846432
520,Susan,Smith,Female,49,49,susan.smith19@example.com,6061957425
521,Jessica,Williams,Female,24,100,jessica.williams39@example.com,9160990176
522,Sarah,Brown,Female,56,112,sarah.brown59@example.com,4857758867
523,Karen,Brown,Female,29,116,karen.brown75@example.com,5214386174
524,Mary,Williams,Female,29,51,mary.williams19@example.com,2667283023
525,Patricia,Johnson,Female,40,65,patricia.johnson42@example.com,9127185595
526,Jennifer,Garcia,Female,23,76,jennifer.garcia42@example.com,7443442439
527,Linda,Miller,Female,33,49,linda.miller8@example.com,7398878100
528,Elizabeth,Williams,Female,27,68,elizabeth.williams15@example.com,6069427154
529,Barbara,Rodriguez,Female,53,83,barbara.rodriguez37@example.com,3317678030
530,Susan,Miller,Female,39,43,susan.miller99@example.com,7406022922
531,Jessica,Martinez,Female,48,100,jessica.martinez32@example.com,6156462108
532,Sarah,Smith,Female,35,78,sarah.smith83@example.com,9632727479
533,Karen,Jones,Female,18,79,karen.jones50@example.com,2800604935
534,Mary,Miller,Female,59,114,mary.miller81@example.com,3035363875
535,Patricia,Smith,Female,51,43,patricia.smith61@example.com,5070076804
536,Jennifer,Johnson,Female,46,84,jennifer.johnson96@example.com,1643310988
537,Linda,Johnson,Female,22,108,linda.johnson86@example.com,1017916138
538,Elizabeth,Williams,Female,53,101,elizabeth.williams13@example.com,7173490492
539,Barbara,Rodriguez,Female,40,86,barbara.rodriguez62@example.com,2710559276
540,Susan,Miller,Female,49,73,susan.miller34@example.com,7791993134
541,Jessica,Brown,Female,43,102,jessica.brown23@example.com,1271119203
542,Sarah,Garcia,Female,26,77,sarah.garcia69@example.com,5495392149
543,Karen,Rodriguez,Female,33,81,karen.rodriguez86@example.com,3787936062
544,Mary,Davis,Female,28,103,mary.davis3@example.com,9657943604
545,Patricia,Brown,Female,29,106,patricia.brown30@example.com,9930905013
546,Jennifer,Garcia,Female,49,108,jennifer.garcia89@example.com,5076504107
547,Linda,Williams,Female,48,89,linda.williams57@example.com,2404291527
548,Elizabeth,Jones,Female,59,122,elizabeth.jones87@example.com,4543262509
549,Barbara,Martinez,Female,58,125,barbara.martinez95@example.com,5746963176
550,Susan,Smith,Female,35,51,susan.smith55@example.com,1331051078
551,Jessica,Martinez,Female,31,129,jessica.martinez22@example.com,1344089036
552,Sarah,Smith,Female,41,125,sarah.smith52@example.com,1297287435
553,Karen,Johnson,Female,56,106,karen.johnson81@example.com,1840487872
554,Mary,Brown,Female,45,70,mary.brown76@example.com,9517599133
555,Patricia,Smith,Female,51,65,patricia.smith85@example.com,4564697757
556,Jennifer,Martinez,Female,55,78,jennifer.martinez57@example.com,1675606266
557,Linda,Johnson,Female,37,92,linda.johnson50@example.com,4604760782
558,Elizabeth,Martinez,Female,33,112,elizabeth.martinez54@example.com,9758631591
559,Barbara,Johnson,Female,20,73,barbara.johnson6@example.com,6851317186
560,Susan,Rodriguez,Female,27,54,susan.rodriguez27@example.com,3278270068
561,Jessica,Brown,Female,38,43,jessica.brown98@example.com,8231925712
562,Sarah,Brown,Female,54,108,sarah.brown8@example.com,6212520119
563,Karen,Garcia,Female,56,118,karen.garcia23@example.com,2864255809
564,Mary,Miller,Female,55,56,mary.miller42@example.com,3844558743
565,Patricia,Davis,Female,24,57,patricia.davis21@example.com,3142708077
566,Jennifer,Johnson,Female,56,94,jennifer.johnson35@example.com,6908602388
567,Linda,Brown,Female,35,121,linda.brown74@example.com,7383203877
568,Elizabeth,Rodriguez,Female,24,113,elizabeth.rodriguez66@example.com,7466631053
569,Barbara,Martinez,Female,58,85,barbara.martinez49@example.com,3490330137
570,Susan,Garcia,Female,40,67,susan.garcia89@example.com,6609850238
571,Jessica,Williams,Female,57,93,jessica.williams25@example.com,3028452931
572,Sarah,Davis,Female,23,129,sarah.davis40@example.com,8499373411
573,Karen,Smith,Female,33,108,karen.smith75@example.com,2744985571
574,Mary,Garcia,Female,45,97,mary.garcia56@example.com,3885114538
575,Patricia,Johnson,Female,48,44,patricia.johnson21@example.com,3480535170
576,Jennifer,Miller,Female,21,50,jennifer.miller24@example.com,4919263037
577,Linda,Johnson,Female,59,95,linda.johnson6@example.com,5309849200
578,Elizabeth,Smith,Female,47,102,elizabeth.smith92@example.com,5294064469
579,Barbara,Rodriguez,Female,53,92,barbara.rodriguez1@example.com,2954230570
580,Susan,Jones,Female,19,69,susan.jones14@example.com,8337697342
581,Jessica,Jones,Female,53,127,jessica.jones42@example.com,6984502419
582,Sarah,Smith,Female,20,45,sarah.smith77@example.com,2234338959
583,Karen,Davis,Female,40,119,karen.davis94@example.com,3286218739
584,Mary,Davis,Female,53,77,mary.davis83@example.com,5082419338
585,Patricia,Miller,Female,55,110,patricia.miller70@example.com,3170648349
586,Jennifer,Davis,Female,39,40,jennifer.davis63@example.com,1666017675
587,Linda,Smith,Female,50,76,linda.smith34@example.com,6014165880
588,Elizabeth,Rodriguez,Female,42,42,elizabeth.rodriguez33@example.com,1500390358
589,Barbara,Smith,Female,38,107,barbara.smith25@example.com,6478802387
590,Susan,Williams,Female,20,117,susan.williams95@example.com,8122621553
591,Jessica,Miller,Female,57,113,jessica.miller56@example.com,3876988488
592,Sarah,Miller,Female,25,97,sarah.miller49@example.com,7418160478
593,Karen,Williams,Female,37,99,karen.williams26@example.com,8206638246
594,Mary,Smith,Female,54,43,mary.smith83@example.com,8171645003
595,Patricia,Garcia,Female,42,126,patricia.garcia43@example.com,6591735214
596,Jennifer,Smith,Female,40,80,jennifer.smith68@example.com,5303236753
597,Linda,Johnson,Female,43,74,linda.johnson27@example.com,1814886871
598,Elizabeth,Davis,Female,32,119,elizabeth.davis98@example.com,8318803748
599,Barbara,Miller,Female,31,68,barbara.miller80@example.com,1808877777
600,Susan,Johnson,Female,56,128,susan.johnson72@example.com,6734941205
601,Jessica,Rodriguez,Female,45,51,jessica.rodriguez92@example.com,3817848656
602,Sarah,Martinez,Female,26,44,sarah.martinez61@example.com,5920702948
603,Karen,Johnson,Female,40,115,karen.johnson98@example.com,6716850797
604,Mary,Johnson,Female,41,41,mary.johnson44@example.com,9150343229
605,Patricia,Jones,Female,36,61,patricia.jones78@example.com,5680442522
606,Jennifer,Martinez,Female,40,100,jennifer.martinez52@example.com,8364182665
607,Linda,Smith,Female,53,127,linda.smith3@example.com,9623246675
608,Elizabeth,Garcia,Female,33,97,elizabeth.garcia24@example.com,8716969152
609,Barbara,Martinez,Female,37,73,barbara.martinez24@example.com,6546357695
610,Susan,Martinez,Female,37,51,susan.martinez59@example.com,9890111590
611,Jessica,Garcia,Female,58,46,jessica.garcia44@example.com,3726200547
612,Sarah,Brown,Female,32,82,sarah.brown39@example.com,2982718999
613,Karen,Smith,Female,34,116,karen.smith12@example.com,6259377753
614,Mary,Davis,Female,49,77,mary.davis1@example.com,4284482533
615,Patricia,Miller,Female,50,102,patricia.miller54@example.com,4131350910
616,Jennifer,Miller,Female,35,47,jennifer.miller47@example.com,8316255027
617,Linda,Smith,Female,20,98,linda.smith99@example.com,6889430502
618,Elizabeth,Williams,Female,54,104,elizabeth.williams73@example.com,3242010625
619,Barbara,Davis,Female,32,79,barbara.davis3@example.com,3679318678
620,Susan,Williams,Female,28,81,susan.williams59@example.com,4961006794
621,Jessica,Williams,Female,33,86,jessica.williams6@example.com,1262062979
622,Sarah,Smith,Female,28,121,sarah.smith32@example.com,8180227459
623,Karen,Smith,Female,18,91,karen.smith48@example.com,7538019773
624,Mary,Garcia,Female,28,98,mary.garcia17@example.com,1633375819
625,Patricia,Garcia,Female,41,43,patricia.garcia91@example.com,8299521733
626,Jennifer,Brown,Female,34,118,jennifer.brown77@example.com,6617546338
627,Linda,Johnson,Female,29,102,linda.johnson99@example.com,5229012871
628,Elizabeth,Brown,Female,46,126,elizabeth.brown71@example.com,9791551556
629,Barbara,Davis,Female,36,42,barbara.davis59@example.com,1580847806
630,Susan,Davis,Female,23,46,susan.davis20@example.com,3024802110
631,Jessica,Miller,Female,28,124,jessica.miller32@example.com,6200827820
632,Sarah,Rodriguez,Female,58,108,sarah.rodriguez69@example.com,1399131782
633,Karen,Brown,Female,44,42,karen.brown25@example.com,9779616309
634,Mary,Williams,Female,31,81,mary.williams61@example.com,2067704408
635,Patricia,Williams,Female,44,79,patricia.williams27@example.com,1848474362
636,Jennifer,Johnson,Female,22,82,jennifer.johnson94@example.com,7439698332
637,Linda,Johnson,Female,56,69,linda.johnson56@example.com,2754364641
638,Elizabeth,Smith,Female,47,127,elizabeth.smith83@example.com,8295231541
639,Barbara,Rodriguez,Female,22,54,barbara.rodriguez44@example.com,8332202100
640,Susan,Martinez,Female,41,80,susan.martinez5@example.com,4323562009
641,Jessica,Smith,Female,57,101,jessica.smith31@example.com,1479195268
642,Sarah,Williams,Female,55,60,sarah.williams21@example.com,7268177810
643,Karen,Smith,Female,52,126,karen.smith5@example.com,1369987446
644,Mary,Miller,Female,55,65,mary.miller33@example.com,2227009394
645,Patricia,Rodriguez,Female,32,114,patricia.rodriguez62@example.com,1050572176
646,Jennifer,Williams,Female,58,58,jennifer.williams38@example.com,6274078128
647,Linda,Smith,Female,44,109,linda.smith25@example.com,3707751053
648,Elizabeth,Martinez,Female,22,95,elizabeth.martinez43@example.com,8060065146
649,Barbara,Garcia,Female,45,90,barbara.garcia99@example.com,2824432786
650,Susan,Martinez,Female,51,89,susan.martinez52@example.com,7165427509
651,Jessica,Garcia,Female,29,60,jessica.garcia97@example.com,5766746280
652,Sarah,Jones,Female,48,63,sarah.jones68@example.com,4288510211
653,Karen,Garcia,Female,38,66,karen.garcia54@example.com,5275848171
654,Mary,Jones,Female,45,64,mary.jones50@example.com,9819970286
655,Patricia,Jones,Female,29,96,patricia.jones61@example.com,9993657895
656,Jennifer,Brown,Female,59,71,jennifer.brown39@example.com,5557636916
657,Linda,Williams,Female,20,119,linda.williams7@example.com,7611034506
658,Elizabeth,Davis,Female,41,91,elizabeth.davis43@example.com,8893055500
659,Barbara,Brown,Female,40,91,barbara.brown62@example.com,3670871199
660,Susan,Smith,Female,44,50,susan.smith97@example.com,2440232705
661,Jessica,Martinez,Female,57,112,jessica.martinez28@example.com,6070789332
662,Sarah,Jones,Female,46,117,sarah.jones44@example.com,3492517167
663,Karen,Miller,Female,43,128,karen.miller31@example.com,9707026871
664,Mary,Williams,Female,59,81,mary.williams38@example.com,8281963085
665,Patricia,Williams,Female,22,57,patricia.williams57@example.com,7640543818
666,Jennifer,Brown,Female,24,117,jennifer.brown7@example.com,1847164414
667,Alex,Brown,Non-Binary,42,114,alex.brown8@example.com,8135534671
668,Taylor,Jones,Non-Binary,27,85,taylor.jones3@example.com,5399548441
669,Jordan,Brown,Non-Binary,22,50,jordan.brown62@example.com,1321124054
670,Casey,Jones,Non-Binary,21,95,casey.jones54@example.com,2428997169
671,Morgan,Smith,Non-Binary,44,129,morgan.smith63@example.com,7341241125
672,Jamie,Miller,Non-Binary,39,110,jamie.miller60@example.com,6800271880
673,Riley,Martinez,Non-Binary,24,127,riley.martinez57@example.com,6368760970
674,Avery,Brown,Non-Binary,41,54,avery.brown5@example.com,7922837968
675,Quinn,Miller,Non-Binary,33,50,quinn.miller28@example.com,2808819016
676,Cameron,Rodriguez,Non-Binary,22,92,cameron.rodriguez9@example.com,9953533853
677,Alex,Brown,Non-Binary,44,123,alex.brown31@example.com,3915990219
678,Taylor,Smith,Non-Binary,59,70,taylor.smith44@example.com,7118487671
679,Jordan,Brown,Non-Binary,34,116,jordan.brown92@example.com,4313906063
680,Casey,Brown,Non-Binary,39,113,casey.brown44@example.com,1560200465
681,Morgan,Smith,Non-Binary,32,59,morgan.smith61@example.com,5957598255
682,Jamie,Davis,Non-Binary,35,113,jamie.davis39@example.com,9149001146
683,Riley,Brown,Non-Binary,38,107,riley.brown31@example.com,6695955720
684,Avery,Brown,Non-Binary,34,79,avery.brown32@example.com,5532096550
685,Quinn,Garcia,Non-Binary,36,86,quinn.garcia87@example.com,9496042964
686,Cameron,Jones,Non-Binary,51,107,cameron.jones68@example.com,5813881573
687,Alex,Smith,Non-Binary,40,63,alex.smith25@example.com,1832039552
688,Taylor,Johnson,Non-Binary,21,83,taylor.johnson17@example.com,9547764633
689,Jordan,Smith,Non-Binary,50,98,jordan.smith89@example.com,7897051682
690,Casey,Davis,Non-Binary,26,69,casey.davis26@example.com,5521322258
691,Morgan,Miller,Non-Binary,19,50,morgan.miller11@example.com,5363174662
692,Jamie,Jones,Non-Binary,45,108,jamie.jones86@example.com,5278680595
693,Riley,Williams,Non-Binary,44,113,riley.williams95@example.com,7846704198
694,Avery,Smith,Non-Binary,22,65,avery.smith92@example.com,4992789347
695,Quinn,Brown,Non-Binary,46,122,quinn.brown29@example.com,4179239362
696,Cameron,Smith,Non-Binary,22,40,cameron.smith47@example.com,1087325191
697,Alex,Jones,Non-Binary,28,120,alex.jones24@example.com,2625936218
698,Taylor,Johnson,Non-Binary,25,88,taylor.johnson81@example.com,5923057772
699,Jordan,Rodriguez,Non-Binary,39,125,jordan.rodriguez8@example.com,6044145295
700,Casey,Davis,Non-Binary,27,74,casey.davis54@example.com,3457143309
701,Morgan,Johnson,Non-Binary,32,62,morgan.johnson97@example.com,5172541457
702,Jamie,Rodriguez,Non-Binary,47,104,jamie.rodriguez1@example.com,7509435556
703,Riley,Jones,Non-Binary,27,51,riley.jones92@example.com,7971523664
704,Avery,Miller,Non-Binary,38,65,avery.miller67@example.com,4264530772
705,Quinn,Johnson,Non-Binary,41,71,quinn.johnson96@example.com,8517465904
706,Cameron,Davis,Non-Binary,40,75,cameron.davis37@example.com,1259247838
707,Alex,Rodriguez,Non-Binary,41,65,alex.rodriguez66@example.com,6398760893
708,Taylor,Davis,Non-Binary,49,106,taylor.davis6@example.com,9464537375
709,Jordan,Brown,Non-Binary,52,74,jordan.brown67@example.com,2940675535
710,Casey,Rodriguez,Non-Binary,22,51,casey.rodriguez60@example.com,2589242493
711,Morgan,Garcia,Non-Binary,58,47,morgan.garcia45@example.com,5125738181
712,Jamie,Johnson,Non-Binary,24,117,jamie.johnson62@example.com,6827509725
713,Riley,Smith,Non-Binary,59,95,riley.smith51@example.com,7898713449
714,Avery,Martinez,Non-Binary,49,84,avery.martinez87@example.com,7166276537
715,Quinn,Davis,Non-Binary,37,107,quinn.davis43@example.com,3993129871
716,Cameron,Davis,Non-Binary,48,116,cameron.davis11@example.com,9121620624
717,Alex,Davis,Non-Binary,46,63,alex.davis66@example.com,5627264878
718,Taylor,Williams,Non-Binary,55,103,taylor.williams27@example.com,3840182822
719,Jordan,Miller,Non-Binary,34,53,jordan.miller19@example.com,3621669010
720,Casey,Garcia,Non-Binary,29,126,casey.garcia40@example.com,8375450165
721,Morgan,Rodriguez,Non-Binary,27,127,morgan.rodriguez74@example.com,7062475216
722,Jamie,Johnson,Non-Binary,54,69,jamie.johnson5@example.com,2826717928
723,Riley,Smith,Non-Binary,38,96,riley.smith65@example.com,4779637958
724,Avery,Garcia,Non-Binary,44,127,avery.garcia7@example.com,8282582132
725,Quinn,Garcia,Non-Binary,55,59,quinn.garcia50@example.com,7614394631
726,Cameron,Jones,Non-Binary,19,47,cameron.jones60@example.com,9459323034
727,Alex,Martinez,Non-Binary,31,62,alex.martinez81@example.com,4562083785
728,Taylor,Garcia,Non-Binary,33,54,taylor.garcia54@example.com,3165064439
729,Jordan,Johnson,Non-Binary,35,106,jordan.johnson31@example.com,4769075499
730,Casey,Williams,Non-Binary,49,87,casey.williams3@example.com,5904244715
731,Morgan,Williams,Non-Binary,26,93,morgan.williams30@example.com,9328079550
732,Jamie,Martinez,Non-Binary,21,63,jamie.martinez23@example.com,1902728366
733,Riley,Johnson,Non-Binary,51,48,riley.johnson49@example.com,6941919364
734,Avery,Smith,Non-Binary,40,82,avery.smith87@example.com,8442775823
735,Quinn,Martinez,Non-Binary,26,49,quinn.martinez71@example.com,6212379001
736,Cameron,Miller,Non-Binary,45,88,cameron.miller23@example.com,7405797775
737,Alex,Garcia,Non-Binary,58,42,alex.garcia48@example.com,6234989425
738,Taylor,Brown,Non-Binary,31,82,taylor.brown18@example.com,9250672357
739,Jordan,Johnson,Non-Binary,32,118,jordan.johnson74@example.com,3874524327
740,Casey,Smith,Non-Binary,34,44,casey.smith40@example.com,9821310216
741,Morgan,Brown,Non-Binary,55,77,morgan.brown100@example.com,2371901571
742,Jamie,Williams,Non-Binary,31,95,jamie.williams11@example.com,2436600793
743,Riley,Brown,Non-Binary,47,125,riley.brown3@example.com,9480950326
744,Avery,Martinez,Non-Binary,41,129,avery.martinez68@example.com,1857698416
745,Quinn,Smith,Non-Binary,45,59,quinn.smith86@example.com,4205450244
746,Cameron,Miller,Non-Binary,57,109,cameron.miller65@example.com,4957748200
747,Alex,Rodriguez,Non-Binary,34,100,alex.rodriguez45@example.com,1656054174
748,Taylor,Brown,Non-Binary,23,67,taylor.brown98@example.com,4467416514
749,Jordan,Miller,Non-Binary,43,77,jordan.miller14@example.com,7932473501
750,Casey,Brown,Non-Binary,32,125,casey.brown59@example.com,4171312829
751,Morgan,Smith,Non-Binary,34,66,morgan.smith88@example.com,5182805364
752,Jamie,Martinez,Non-Binary,45,123,jamie.martinez10@example.com,6405659913
753,Riley,Johnson,Non-Binary,46,124,riley.johnson81@example.com,4419314910
754,Avery,Martinez,Non-Binary,48,74,avery.martinez20@example.com,2214153703
755,Quinn,Williams,Non-Binary,19,125,quinn.williams72@example.com,2333821612
756,Cameron,Davis,Non-Binary,46,66,cameron.davis77@example.com,6032228417
757,Alex,Martinez,Non-Binary,33,104,alex.martinez2@example.com,1494771672
758,Taylor,Davis,Non-Binary,57,103,taylor.davis59@example.com,4125093722
759,Jordan,Brown,Non-Binary,24,112,jordan.brown10@example.com,6037951994
760,Casey,Williams,Non-Binary,19,41,casey.williams89@example.com,2004575917
761,Morgan,Jones,Non-Binary,35,96,morgan.jones47@example.com,1153124024
762,Jamie,Smith,Non-Binary,58,44,jamie.smith22@example.com,4841336819
763,Riley,Brown,Non-Binary,53,47,riley.brown27@example.com,9099402316
764,Avery,Brown,Non-Binary,30,127,avery.brown96@example.com,4093751653
765,Quinn,Martinez,Non-Binary,35,42,quinn.martinez80@example.com,6631050616
766,Cameron,Jones,Non-Binary,30,126,cameron.jones36@example.com,7787703630
767,Alex,Brown,Non-Binary,30,99,alex.brown90@example.com,2874220481
768,Taylor,Garcia,Non-Binary,36,51,taylor.garcia5@example.com,9907099067
769,Jordan,Garcia,Non-Binary,54,83,jordan.garcia31@example.com,4630127921
770,Casey,Johnson,Non-Binary,56,118,casey.johnson33@example.com,9390179367
771,Morgan,Johnson,Non-Binary,53,121,morgan.johnson60@example.com,1500279777
772,Jamie,Garcia,Non-Binary,47,86,jamie.garcia97@example.com,1975751453
773,Riley,Garcia,Non-Binary,39,105,riley.garcia8@example.com,6207709276
774,Avery,Brown,Non-Binary,31,76,avery.brown88@example.com,7523338300
775,Quinn,Martinez,Non-Binary,23,102,quinn.martinez68@example.com,4748025414
776,Cameron,Johnson,Non-Binary,37,82,cameron.johnson69@example.com,1222274198
777,Alex,Martinez,Non-Binary,20,58,alex.martinez4@example.com,8340170008
778,Taylor,Martinez,Non-Binary,22,120,taylor.martinez7@example.com,2887636717
779,Jordan,Johnson,Non-Binary,26,106,jordan.johnson43@example.com,6352031324
780,Casey,Rodriguez,Non-Binary,24,123,casey.rodriguez51@example.com,9578115771
781,Morgan,Garcia,Non-Binary,18,118,morgan.garcia51@example.com,7851993834
782,Jamie,Davis,Non-Binary,21,102,jamie.davis78@example.com,6744539973
783,Riley,Brown,Non-Binary,43,54,riley.brown59@example.com,7207324499
784,Avery,Johnson,Non-Binary,24,49,avery.johnson21@example.com,3953956340
785,Quinn,Jones,Non-Binary,18,40,quinn.jones42@example.com,8373670034
786,Cameron,Smith,Non-Binary,32,114,cameron.smith35@example.com,3217815633
787,Alex,Rodriguez,Non-Binary,51,75,alex.rodriguez40@example.com,2263082564
788,Taylor,Jones,Non-Binary,59,82,taylor.jones97@example.com,8668005163
789,Jordan,Garcia,Non-Binary,52,95,jordan.garcia41@example.com,3605471690
790,Casey,Williams,Non-Binary,58,103,casey.williams76@example.com,3913790962
791,Morgan,Davis,Non-Binary,34,128,morgan.davis78@example.com,7802471166
792,Jamie,Miller,Non-Binary,57,93,jamie.miller40@example.com,5088221647
793,Riley,Martinez,Non-Binary,55,115,riley.martinez20@example.com,8368919573
794,Avery,Garcia,Non-Binary,20,53,avery.garcia6@example.com,9037372917
795,Quinn,Johnson,Non-Binary,32,84,quinn.johnson48@example.com,5315118968
796,Cameron,Johnson,Non-Binary,37,73,cameron.johnson79@example.com,3598410069
797,Alex,Miller,Non-Binary,28,86,alex.miller10@example.com,3270469270
798,Taylor,Johnson,Non-Binary,43,45,taylor.johnson78@example.com,9881857641
799,Jordan,Garcia,Non-Binary,36,110,jordan.garcia20@example.com,8312325422
800,Casey,Williams,Non-Binary,30,71,casey.williams70@example.com,8706668373
801,Morgan,Martinez,Non-Binary,29,67,morgan.martinez91@example.com,3514823128
802,Jamie,Jones,Non-Binary,18,81,jamie.jones92@example.com,8780619148
803,Riley,Davis,Non-Binary,30,118,riley.davis52@example.com,1386885081
804,Avery,Jones,Non-Binary,26,91,avery.jones17@example.com,4235889457
805,Quinn,Johnson,Non-Binary,38,102,quinn.johnson1@example.com,2212804658
806,Cameron,Jones,Non-Binary,57,72,cameron.jones4@example.com,2823139275
807,Alex,Miller,Non-Binary,37,57,alex.miller32@example.com,5440614733
808,Taylor,Williams,Non-Binary,24,47,taylor.williams97@example.com,8423973504
809,Jordan,Davis,Non-Binary,23,70,jordan.davis100@example.com,8085790313
810,Casey,Jones,Non-Binary,56,41,casey.jones92@example.com,3533260177
811,Morgan,Brown,Non-Binary,56,58,morgan.brown40@example.com,8844186904
812,Jamie,Rodriguez,Non-Binary,25,50,jamie.rodriguez92@example.com,9564665152
813,Riley,Smith,Non-Binary,30,76,riley.smith77@example.com,3444926528
814,Avery,Davis,Non-Binary,32,129,avery.davis4@example.com,7199612190
815,Quinn,Brown,Non-Binary,50,69,quinn.brown44@example.com,7115149443
816,Cameron,Smith,Non-Binary,38,113,cameron.smith53@example.com,1704945917
817,Alex,Smith,Non-Binary,39,99,alex.smith1@example.com,2046466110
818,Taylor,Johnson,Non-Binary,34,97,taylor.johnson75@example.com,9211029152
819,Jordan,Williams,Non-Binary,57,110,jordan.williams96@example.com,7097902584
820,Casey,Williams,Non-Binary,29,103,casey.williams74@example.com,1488309561
821,Morgan,Davis,Non-Binary,53,76,morgan.davis81@example.com,3235580010
822,Jamie,Rodriguez,Non-Binary,46,62,jamie.rodriguez100@example.com,9729663632
823,Riley,Rodriguez,Non-Binary,20,75,riley.rodriguez23@example.com,4079111994
824,Avery,Rodriguez,Non-Binary,18,69,avery.rodriguez65@example.com,2150414542
825,Quinn,Garcia,Non-Binary,55,100,quinn.garcia100@example.com,5789127178
826,Cameron,Brown,Non-Binary,54,116,cameron.brown99@example.com,1129564858
827,Alex,Miller,Non-Binary,28,111,alex.miller25@example.com,9496941855
828,Taylor,Garcia,Non-Binary,56,69,taylor.garcia14@example.com,5244436986
829,Jordan,Brown,Non-Binary,53,49,jordan.brown3@example.com,2090354048
830,Casey,Martinez,Non-Binary,30,122,casey.martinez83@example.com,4767177496
831,Morgan,Brown,Non-Binary,35,93,morgan.brown84@example.com,3502695725
832,Jamie,Johnson,Non-Binary,55,104,jamie.johnson43@example.com,9662778947
833,Riley,Williams,Non-Binary,46,77,riley.williams85@example.com,3828239606
834,Avery,Martinez,Non-Binary,27,116,avery.martinez44@example.com,7493346057
835,Quinn,Garcia,Non-Binary,21,112,quinn.garcia17@example.com,5990958858
836,Cameron,Brown,Non-Binary,48,74,cameron.brown24@example.com,9397947909
837,Alex,Davis,Non-Binary,38,87,alex.davis84@example.com,1819952897
838,Taylor,Martinez,Non-Binary,38,51,taylor.martinez50@example.com,7467722992
839,Jordan,Martinez,Non-Binary,24,48,jordan.martinez13@example.com,6794069272
840,Casey,Smith,Non-Binary,31,101,casey.smith4@example.com,1642862469
841,Morgan,Johnson,Non-Binary,52,42,morgan.johnson69@example.com,7402797102
842,Jamie,Williams,Non-Binary,33,101,jamie.williams7@example.com,2509566884
843,Riley,Davis,Non-Binary,23,71,riley.davis26@example.com,1559321031
844,Avery,Davis,Non-Binary,45,80,avery.davis27@example.com,3050174739
845,Quinn,Martinez,Non-Binary,58,54,quinn.martinez86@example.com,6884966672
846,Cameron,Martinez,Non-Binary,26,87,cameron.martinez42@example.com,6317647691
847,Alex,Miller,Non-Binary,30,108,alex.miller85@example.com,6260796775
848,Taylor,Rodriguez,Non-Binary,52,119,taylor.rodriguez38@example.com,8611335153
849,Jordan,Miller,Non-Binary,18,42,jordan.miller85@example.com,8720259327
850,Casey,Brown,Non-Binary,49,86,casey.brown75@example.com,4991372975
851,Morgan,Jones,Non-Binary,38,126,morgan.jones62@example.com,7294711319
852,Jamie,Davis,Non-Binary,19,97,jamie.davis95@example.com,5893881242
853,Riley,Davis,Non-Binary,29,101,riley.davis33@example.com,1760654787
854,Avery,Jones,Non-Binary,25,111,avery.jones38@example.com,6879339757
855,Quinn,Brown,Non-Binary,53,49,quinn.brown81@example.com,1556514740
856,Cameron,Garcia,Non-Binary,58,101,cameron.garcia25@example.com,7668270139
857,Alex,Martinez,Non-Binary,24,72,alex.martinez68@example.com,2109339378
858,Taylor,Johnson,Non-Binary,33,43,taylor.johnson95@example.com,7471890220
859,Jordan,Brown,Non-Binary,57,71,jordan.brown17@example.com,9307293011
860,Casey,Brown,Non-Binary,45,87,casey.brown82@example.com,5894936376
861,Morgan,Jones,Non-Binary,45,66,morgan.jones14@example.com,9047650004
862,Jamie,Garcia,Non-Binary,33,124,jamie.garcia17@example.com,5571238723
863,Riley,Davis,Non-Binary,41,77,riley.davis15@example.com,3975593185
864,Avery,Davis,Non-Binary,49,68,avery.davis89@example.com,8734678967
865,Quinn,Williams,Non-Binary,29,84,quinn.williams33@example.com,8017870767
866,Cameron,Brown,Non-Binary,27,92,cameron.brown45@example.com,9519008423
867,Alex,Smith,Non-Binary,26,65,alex.smith47@example.com,9789152024
868,Taylor,Miller,Non-Binary,44,100,taylor.miller2@example.com,2653317427
869,Jordan,Martinez,Non-Binary,28,118,jordan.martinez1@example.com,8517874424
870,Casey,Davis,Non-Binary,26,60,casey.davis20@example.com,5059023316
871,Morgan,Smith,Non-Binary,57,121,morgan.smith2@example.com,3640999033
872,Jamie,Brown,Non-Binary,50,61,jamie.brown1@example.com,5766920549
873,Riley,Williams,Non-Binary,20,105,riley.williams69@example.com,1239500881
874,Avery,Smith,Non-Binary,26,57,avery.smith12@example.com,9394599240
875,Quinn,Jones,Non-Binary,58,54,quinn.jones94@example.com,8008416571
876,Cameron,Miller,Non-Binary,29,40,cameron.miller12@example.com,7107663570
877,Alex,Garcia,Non-Binary,36,113,alex.garcia40@example.com,7399466539
878,Taylor,Rodriguez,Non-Binary,27,53,taylor.rodriguez9@example.com,3222249123
879,Jordan,Johnson,Non-Binary,54,102,jordan.johnson99@example.com,8100226991
880,Casey,Williams,Non-Binary,43,59,casey.williams16@example.com,2917379850
881,Morgan,Jones,Non-Binary,19,115,morgan.jones36@example.com,8844993172
882,Jamie,Johnson,Non-Binary,31,50,jamie.johnson100@example.com,9007189980
883,Riley,Brown,Non-Binary,57,63,riley.brown78@example.com,9489471692
884,Avery,Davis,Non-Binary,28,67,avery.davis40@example.com,9993018798
885,Quinn,Brown,Non-Binary,21,129,quinn.brown54@example.com,3947961663
886,Cameron,Miller,Non-Binary,56,83,cameron.miller50@example.com,9923595965
887,Alex,Smith,Non-Binary,29,56,alex.smith2@example.com,6235256042
888,Taylor,Rodriguez,Non-Binary,18,83,taylor.rodriguez41@example.com,5128423079
889,Jordan,Miller,Non-Binary,51,113,jordan.miller12@example.com,4184221201
890,Casey,Brown,Non-Binary,25,87,casey.brown50@example.com,4588247356
891,Morgan,Williams,Non-Binary,19,63,morgan.williams59@example.com,8591530903
892,Jamie,Davis,Non-Binary,56,70,jamie.davis64@example.com,5455909130
893,Riley,Miller,Non-Binary,38,45,riley.miller40@example.com,2139233808
894,Avery,Brown,Non-Binary,59,121,avery.brown26@example.com,9065208303
895,Quinn,Smith,Non-Binary,43,128,quinn.smith94@example.com,3379350324
896,Cameron,Garcia,Non-Binary,47,40,cameron.garcia31@example.com,5120949273
897,Alex,Davis,Non-Binary,32,46,alex.davis82@example.com,1937814744
898,Taylor,Rodriguez,Non-Binary,48,45,taylor.rodriguez97@example.com,2571148757
899,Jordan,Rodriguez,Non-Binary,23,98,jordan.rodriguez24@example.com,3242265965
900,Casey,Jones,Non-Binary,46,126,casey.jones70@example.com,2318291074
901,Morgan,Miller,Non-Binary,19,97,morgan.miller73@example.com,4871796232
902,Jamie,Rodriguez,Non-Binary,37,55,jamie.rodriguez51@example.com,1058457926
903,Riley,Johnson,Non-Binary,44,90,riley.johnson97@example.com,1999689343
904,Avery,Williams,Non-Binary,26,77,avery.williams63@example.com,1539384676
905,Quinn,Smith,Non-Binary,54,42,quinn.smith59@example.com,3615743864
906,Cameron,Johnson,Non-Binary,52,78,cameron.johnson41@example.com,7166223011
907,Alex,Williams,Non-Binary,58,71,alex.williams48@example.com,5065153804
908,Taylor,Jones,Non-Binary,54,74,taylor.jones62@example.com,8994085290
909,Jordan,Brown,Non-Binary,31,85,jordan.brown95@example.com,4718133606
910,Casey,Rodriguez,Non-Binary,54,54,casey.rodriguez95@example.com,6583862126
911,Morgan,Williams,Non-Binary,33,52,morgan.williams76@example.com,9632484693
912,Jamie,Williams,Non-Binary,46,45,jamie.williams19@example.com,1332190628
913,Riley,Garcia,Non-Binary,50,50,riley.garcia4@example.com,2033945269
914,Avery,Garcia,Non-Binary,34,46,avery.garcia38@example.com,8071723182
915,Quinn,Martinez,Non-Binary,37,105,quinn.martinez7@example.com,5640032303
916,Cameron,Garcia,Non-Binary,26,91,cameron.garcia38@example.com,7597217517
917,Alex,Smith,Non-Binary,56,127,alex.smith4@example.com,1791375006
918,Taylor,Rodriguez,Non-Binary,26,92,taylor.rodriguez79@example.com,3275606967
919,Jordan,Williams,Non-Binary,33,106,jordan.williams62@example.com,1827665009
920,Casey,Davis,Non-Binary,55,77,casey.davis91@example.com,3787511734
921,Morgan,Williams,Non-Binary,37,76,morgan.williams16@example.com,1446612559
922,Jamie,Williams,Non-Binary,47,44,jamie.williams10@example.com,3638969098
923,Riley,Miller,Non-Binary,59,111,riley.miller72@example.com,3910543317
924,Avery,Johnson,Non-Binary,31,50,avery.johnson99@example.com,5989571010
925,Quinn,Brown,Non-Binary,49,74,quinn.brown80@example.com,5898732905
926,Cameron,Miller,Non-Binary,56,50,cameron.miller21@example.com,4447175516
927,Alex,Martinez,Non-Binary,51,44,alex.martinez86@example.com,3500838476
928,Taylor,Williams,Non-Binary,23,53,taylor.williams94@example.com,1270529366
929,Jordan,Jones,Non-Binary,34,95,jordan.jones81@example.com,4440277072
930,Casey,Rodriguez,Non-Binary,47,97,casey.rodriguez5@example.com,7220088410
931,Morgan,Davis,Non-Binary,45,90,morgan.davis42@example.com,5081750744
932,Jamie,Williams,Non-Binary,24,54,jamie.williams39@example.com,3049087342
933,Riley,Smith,Non-Binary,45,123,riley.smith32@example.com,7947481936
934,Avery,Miller,Non-Binary,57,61,avery.miller15@example.com,5258535210
935,Quinn,Johnson,Non-Binary,23,50,quinn.johnson51@example.com,6854365763
936,Cameron,Miller,Non-Binary,52,77,cameron.miller39@example.com,6785607769
937,Alex,Davis,Non-Binary,35,45,alex.davis15@example.com,8260576824
938,Taylor,Garcia,Non-Binary,47,74,taylor.garcia37@example.com,9488369194
939,Jordan,Johnson,Non-Binary,23,109,jordan.johnson66@example.com,6910504197
940,Casey,Rodriguez,Non-Binary,31,63,casey.rodriguez2@example.com,5252510561
941,Morgan,Martinez,Non-Binary,23,102,morgan.martinez67@example.com,6981187351
942,Jamie,Jones,Non-Binary,40,52,jamie.jones73@example.com,6007801226
943,Riley,Davis,Non-Binary,54,91,riley.davis41@example.com,1192331584
944,Avery,Martinez,Non-Binary,25,67,avery.martinez55@example.com,1008738755
945,Quinn,Johnson,Non-Binary,57,60,quinn.johnson60@example.com,9341848859
946,Cameron,Jones,Non-Binary,40,99,cameron.jones38@example.com,4037938748
947,Alex,Williams,Non-Binary,59,116,alex.williams25@example.com,6169320695
948,Taylor,Brown,Non-Binary,29,63,taylor.brown6@example.com,5881633771
949,Jordan,Williams,Non-Binary,58,98,jordan.williams45@example.com,5683684061
950,Casey,Martinez,Non-Binary,31,104,casey.martinez84@example.com,6601160191
951,Morgan,Jones,Non-Binary,34,52,morgan.jones54@example.com,6546347252
952,Jamie,Jones,Non-Binary,59,73,jamie.jones45@example.com,7605379620
953,Riley,Brown,Non-Binary,59,64,riley.brown50@example.com,5527918146
954,Avery,Jones,Non-Binary,56,66,avery.jones93@example.com,4732116147
955,Quinn,Brown,Non-Binary,55,52,quinn.brown26@example.com,4139881371
956,Cameron,Davis,Non-Binary,48,57,cameron.davis42@example.com,3690641982
957,Alex,Rodriguez,Non-Binary,41,114,alex.rodriguez84@example.com,3184011402
958,Taylor,Jones,Non-Binary,47,77,taylor.jones69@example.com,4931431754
959,Jordan,Martinez,Non-Binary,18,41,jordan.martinez38@example.com,6620716146
960,Casey,Johnson,Non-Binary,26,70,casey.johnson90@example.com,5226622430
961,Morgan,Davis,Non-Binary,32,54,morgan.davis82@example.com,9847878781
962,Jamie,Williams,Non-Binary,31,125,jamie.williams77@example.com,8655856133
963,Riley,Smith,Non-Binary,33,112,riley.smith45@example.com,8785325136
964,Avery,Garcia,Non-Binary,24,65,avery.garcia71@example.com,3061569459
965,Quinn,Brown,Non-Binary,43,70,quinn.brown35@example.com,8052389268
966,Cameron,Davis,Non-Binary,57,102,cameron.davis49@example.com,2773056295
967,Alex,Johnson,Non-Binary,32,73,alex.johnson92@example.com,9443872004
968,Taylor,Williams,Non-Binary,39,42,taylor.williams66@example.com,2029834928
969,Jordan,Davis,Non-Binary,59,64,jordan.davis87@example.com,4108757828
970,Casey,Brown,Non-Binary,53,61,casey.brown95@example.com,6227202482
971,Morgan,Brown,Non-Binary,29,96,morgan.brown37@example.com,3286368071
972,Jamie,Rodriguez,Non-Binary,37,101,jamie.rodriguez11@example.com,9840184294
973,Riley,Miller,Non-Binary,18,53,riley.miller34@example.com,7647421745
974,Avery,Williams,Non-Binary,30,83,avery.williams95@example.com,4300075531
975,Quinn,Brown,Non-Binary,35,58,quinn.brown42@example.com,2481587352
976,Cameron,Miller,Non-Binary,56,74,cameron.miller12@example.com,8711255291
977,Alex,Martinez,Non-Binary,31,124,alex.martinez2@example.com,9315803890
978,Taylor,Williams,Non-Binary,30,74,taylor.williams81@example.com,4586638767
979,Jordan,Smith,Non-Binary,43,68,jordan.smith24@example.com,1111704570
980,Casey,Garcia,Non-Binary,46,124,casey.garcia92@example.com,7765616348
981,Morgan,Miller,Non-Binary,47,69,morgan.miller73@example.com,2211647602
982,Jamie,Johnson,Non-Binary,36,126,jamie.johnson31@example.com,5927207078
983,Riley,Rodriguez,Non-Binary,35,99,riley.rodriguez14@example.com,5060144346
984,Avery,Rodriguez,Non-Binary,52,49,avery.rodriguez89@example.com,9327508207
985,Quinn,Garcia,Non-Binary,46,53,quinn.garcia52@example.com,1281347033
986,Cameron,Johnson,Non-Binary,30,125,cameron.johnson74@example.com,6946805591
987,Alex,Martinez,Non-Binary,20,91,alex.martinez21@example.com,9079461097
988,Taylor,Johnson,Non-Binary,39,103,taylor.johnson75@example.com,2912877212
989,Jordan,Rodriguez,Non-Binary,40,94,jordan.rodriguez23@example.com,6902253756
990,Casey,Davis,Non-Binary,27,47,casey.davis64@example.com,8923982186
991,Morgan,Brown,Non-Binary,34,57,morgan.brown55@example.com,5923773378
992,Jamie,Smith,Non-Binary,57,91,jamie.smith41@example.com,2413001597
993,Riley,Miller,Non-Binary,54,115,riley.miller46@example.com,6468236521
994,Avery,Jones,Non-Binary,35,92,avery.jones56@example.com,9872554399
995,Quinn,Garcia,Non-Binary,38,67,quinn.garcia88@example.com,4629154241
996,Cameron,Jones,Non-Binary,57,108,cameron.jones50@example.com,3612625593
997,Alex,Martinez,Non-Binary,50,111,alex.martinez35@example.com,3251160720
998,Taylor,Miller,Non-Binary,57,121,taylor.miller32@example.com,5530675359
999,Jordan,Rodriguez,Non-Binary,21,49,jordan.rodriguez18@example.com,1404658970
1000,Casey,Brown,Non-Binary,20,97,casey.brown97@example.com,9589385412
